speaker,mfcc_1,mfcc_2,mfcc_3,mfcc_4,mfcc_5,mfcc_6,mfcc_7,mfcc_8,mfcc_9,mfcc_10,mfcc_11,mfcc_12,mfcc_13,spectral_rolloff,augmentation_type
david,-539.9271240234375,124.88133239746094,1.5310704708099365,47.4788818359375,-0.6245627403259277,21.312240600585938,2.4389686584472656,16.900447845458984,15.144621849060059,-4.628635406494141,11.17673110961914,-0.7762883901596069,1.4091296195983887,6265.5029296875,original
patrick,-531.4424438476562,120.40711212158203,-11.434033393859863,38.93208312988281,5.51629114151001,25.987550735473633,-1.1359084844589233,13.629716873168945,-1.896855115890503,3.164978265762329,-1.5067903995513916,-1.1025382280349731,5.912474632263184,7759.435595567867,original
samuel-confirm.m4a,-466.8448791503906,141.14048767089844,-26.820707321166992,27.34990119934082,-5.34901237487793,6.739740371704102,13.21500301361084,-13.9905424118042,-9.537755966186523,6.548015117645264,-18.6738224029541,-10.428366661071777,-2.5681629180908203,3743.8226744186045,original
samuel-approve.m4a,-526.314697265625,104.16385650634766,-9.871755599975586,36.7389030456543,2.1251463890075684,18.99989891052246,1.6649389266967773,-4.9767937660217285,-1.8763806819915771,1.721652865409851,-8.426630973815918,-10.732773780822754,-2.2348709106445312,4850.84219858156,original
patrick,-545.4544067382812,113.31550598144531,-3.6745100021362305,39.02583694458008,5.466846942901611,23.979291915893555,2.17466139793396,16.173139572143555,1.0155951976776123,1.964580774307251,-0.4512575566768646,-2.618419647216797,3.6769073009490967,7868.969661803713,original
David,-497.4166259765625,143.20713806152344,6.09214973449707,36.48570251464844,-12.831619262695312,17.822986602783203,4.433020114898682,20.681385040283203,14.628327369689941,-7.838120460510254,10.116593360900879,-0.6930851340293884,4.983951091766357,5401.402828467153,original
samuel-approve-audio.mp4,-520.1370849609375,108.3112564086914,-10.580718040466309,37.92429733276367,2.132312536239624,19.23617935180664,2.5036745071411133,-5.97085428237915,-1.284796118736267,1.5022045373916626,-8.457356452941895,-11.555717468261719,-2.2097718715667725,4916.934742647059,original
samuel-confirm-transaction-audio.mp4,-458.00103759765625,147.37586975097656,-28.489307403564453,28.497791290283203,-5.583990573883057,6.306507587432861,14.357671737670898,-15.067956924438477,-9.500020027160645,6.70367431640625,-19.34938621520996,-10.626097679138184,-2.595733404159546,3853.0745967741937,original
